{"initial_reset_timestamp": 1619455384.2677414, "timestamps": [1619455384.3037655, 1619455384.3901148, 1619455384.4282184, 1619455384.484666, 1619455384.5475638, 1619455384.6295815, 1619455384.675644, 1619455384.7207823, 1619455384.7702832], "episode_lengths": [80, 164, 81, 107, 121, 156, 96, 87, 106], "episode_rewards": [-266.8179790742883, -293.7390501272645, -400.2629102318738, -164.18422911019002, -409.9125875786102, -312.21038503778675, -266.4918200993328, -422.2799248273324, -564.3958459944313], "episode_types": ["t", "t", "t", "t", "t", "t", "t", "t", "t", "t"]}