{"initial_reset_timestamp": 1619512173.9829793, "timestamps": [1619512174.030882, 1619512174.0829453, 1619512174.1376839, 1619512174.1809072, 1619512174.2292097, 1619512174.2780619, 1619512174.3336308, 1619512174.3946705, 1619512174.4458034, 1619512174.5481217, 1619512174.7130873, 1619512174.9224267, 1619512175.1741796, 1619512175.3449714, 1619512175.562775, 1619512175.737213, 1619512176.1250467, 1619512176.4178405, 1619512176.6572251, 1619512176.9189608, 1619512177.0985432, 1619512177.3449502, 1619512177.5717607, 1619512177.9629633, 1619512178.135753, 1619512178.3461301, 1619512178.5933182, 1619512178.931843, 1619512179.2159288, 1619512179.4375541, 1619512179.6766315, 1619512179.8585107, 1619512180.0505843, 1619512180.2304537, 1619512180.4019434, 1619512180.680323, 1619512180.8637347, 1619512181.1583502, 1619512181.3322446, 1619512181.5970614, 1619512181.7998593, 1619512182.123795, 1619512182.332952, 1619512182.6059234, 1619512182.806254, 1619512183.166798, 1619512183.3993015, 1619512183.5598338, 1619512183.9060814, 1619512184.1050038, 1619512184.264946, 1619512184.5051053, 1619512184.859811, 1619512185.0737045, 1619512185.3165143, 1619512185.5340066, 1619512185.7389233, 1619512186.0818546, 1619512186.4650943, 1619512186.7439969, 1619512187.0598633, 1619512187.494796, 1619512187.73664, 1619512188.0578458, 1619512188.5088174], "episode_lengths": [68, 105, 110, 90, 99, 97, 113, 122, 112, 98, 85, 107, 118, 86, 107, 90, 190, 143, 120, 127, 92, 123, 110, 182, 87, 106, 125, 166, 142, 110, 121, 92, 98, 91, 88, 140, 93, 146, 90, 131, 102, 158, 105, 134, 101, 175, 117, 82, 170, 100, 81, 119, 174, 107, 123, 112, 103, 169, 188, 137, 156, 209, 119, 155, 211], "episode_rewards": [-237.87687278858988, -204.28924693855316, -359.0277559856008, -281.55983554045395, -410.93725490680447, -134.94452930707067, -409.0333724244316, -603.6745168335239, -361.1146588779021, -577.7067010758717, -448.07635479022406, -460.44907031946576, -239.0466517470816, -367.87979192449023, -86.38748761168594, -365.4326769393941, -155.0728940606756, -236.65289974223663, -220.4448114376127, -91.32047224398477, -332.32617379082967, -239.23472371830027, -63.84104073591922, -268.0925302404114, 110.50453230864606, -84.63720894607026, -331.0204863895883, -203.11947104495204, -67.4967583227517, -134.804605594603, -248.1079890282626, -101.76780300105557, -94.94258517218695, 105.67105337918119, -131.48198832899726, -132.49926711230876, -85.71170439975953, -251.5489621303502, -354.0224453938522, -190.76789490966516, -83.30241752622109, -75.81788422290944, -373.5862638080649, -136.30551931948915, -69.72642449116613, -199.94855381808247, -160.8707182401132, -79.83435528126863, -299.23162915462325, -170.09568541415553, -82.99903104317339, -441.36658352339606, -389.41301046175454, -304.47984177458306, -196.14331144403636, -228.33121322351468, -10.322451779506792, -160.50120847145243, -173.82108405152928, -271.0149271500674, -213.33817674980094, -448.01707143897715, -482.21853740571834, -96.58880881736687, -401.4225502808522], "episode_types": ["t", "t", "t", "t", "t", "t", "t", "t", "t", "t", "t", "t", "t", "t", "t", "t", "t", "t", "t", "t", "t", "t", "t", "t", "t", "t", "t", "t", "t", "t", "t", "t", "t", "t", "t", "t", "t", "t", "t", "t", "t", "t", "t", "t", "t", "t", "t", "t", "t", "t", "t", "t", "t", "t", "t", "t", "t", "t", "t", "t", "t", "t", "t", "t", "t", "t"]}