{"initial_reset_timestamp": 1619512616.414475, "timestamps": [1619512616.4506032, 1619512616.5331857, 1619512616.6078935, 1619512616.6502805, 1619512616.689995, 1619512616.760416, 1619512616.8054092, 1619512616.912739, 1619512617.102305, 1619512617.5743299, 1619512617.864052, 1619512618.2882547], "episode_lengths": [80, 153, 144, 85, 81, 132, 90, 175, 97, 108, 67, 98], "episode_rewards": [-244.26848995636396, -199.99094226620923, -535.415005945347, -255.50576521706, -368.80187403329694, -287.8828693420994, -387.620863491049, -274.57890100292576, -182.8616658038727, -423.53550224475384, -131.86043235209567, -421.1989199978743], "episode_types": ["t", "t", "t", "t", "t", "t", "t", "t", "t", "t", "t", "t", "t"]}