{"initial_reset_timestamp": 1619466627.331275, "timestamps": [1619466627.3713076, 1619466627.4366271, 1619466627.4864006, 1619466627.6024106, 1619466627.6748626, 1619466627.7337763, 1619466627.8465934, 1619466627.958853], "episode_lengths": [85, 127, 99, 198, 134, 116, 195, 95], "episode_rewards": [-160.5860528404869, -83.1777366521126, -313.2175451048887, -388.5749191991643, -448.417534288585, -375.15631108941244, -172.46146984277573, -267.23595140287625], "episode_types": ["t", "t", "t", "t", "t", "t", "t", "t", "t"]}