{"initial_reset_timestamp": 1619512541.0554464, "timestamps": [1619512541.1102583, 1619512541.2161179, 1619512541.3087432, 1619512541.4000282, 1619512541.4435904, 1619512541.5096467, 1619512541.5433517, 1619512541.586396, 1619512541.6508253, 1619512541.879772, 1619512542.0766096, 1619512542.2575417, 1619512542.4605029, 1619512542.6410391, 1619512542.80229, 1619512542.977187, 1619512543.1383336, 1619512543.3074183, 1619512543.4964242, 1619512543.6841161, 1619512543.8810747, 1619512544.2020328, 1619512544.50626, 1619512544.7661262, 1619512544.9538655, 1619512545.2852151, 1619512545.5326314, 1619512545.8530471, 1619512546.0281515, 1619512546.2749116, 1619512546.605625, 1619512546.9559734, 1619512547.162743, 1619512547.328493, 1619512547.713591, 1619512547.9685564], "episode_lengths": [87, 124, 113, 136, 86, 131, 76, 87, 127, 139, 101, 83, 98, 88, 81, 89, 81, 85, 95, 95, 97, 157, 146, 128, 94, 160, 124, 157, 87, 123, 160, 171, 104, 83, 186, 125], "episode_rewards": [-289.2131020663883, -273.20666611979135, -63.92445645654085, -433.2028738586083, -237.75002254350952, -454.9431090714665, 87.73005179623016, -102.0583493203213, -145.9091748650701, -295.5758601958898, -474.09182222625844, -385.2585522359687, -283.83660167832466, -97.64944542091138, -230.23031032345503, -267.52582519069017, -225.90509814904368, -241.94915528307328, -533.6562876944822, -375.2411551200949, -143.37183521713018, -309.2708985598256, -207.19040942300325, -162.04116288523457, -253.21257225310092, -151.28396463424468, -213.12992531173802, -337.6904483670068, -261.7511352516252, -247.59467933498374, 74.24889176972448, -447.4284077937802, -289.52342323258955, -90.48582883031638, -178.68983182260706, -203.45362642785148], "episode_types": ["t", "t", "t", "t", "t", "t", "t", "t", "t", "t", "t", "t", "t", "t", "t", "t", "t", "t", "t", "t", "t", "t", "t", "t", "t", "t", "t", "t", "t", "t", "t", "t", "t", "t", "t", "t", "t"]}