{"initial_reset_timestamp": 1619455454.1838894, "timestamps": [1619455454.22515, 1619455454.3042748, 1619455454.3453856, 1619455454.421942, 1619455454.470566, 1619455454.5440829, 1619455454.593018, 1619455454.634045], "episode_lengths": [87, 139, 87, 144, 95, 140, 95, 82], "episode_rewards": [-162.2783551228939, -171.6584506889835, -103.3955941804233, -553.2264205941888, -80.54793413446933, -187.84144099505204, -280.3867515278156, -158.17756898478726], "episode_types": ["t", "t", "t", "t", "t", "t", "t", "t", "t"]}