{"initial_reset_timestamp": 1619455945.3572648, "timestamps": [1619455945.3986464, 1619455945.454954, 1619455945.543295, 1619455945.6101031, 1619455945.685363, 1619455945.7338514, 1619455945.862838], "episode_lengths": [88, 116, 162, 119, 139, 99, 207], "episode_rewards": [-176.63857342540558, -259.2997664194519, -409.01653349766644, -137.3851886862564, -115.89605712549485, 116.63467769234548, -244.1732943992177], "episode_types": ["t", "t", "t", "t", "t", "t", "t", "t"]}