{"initial_reset_timestamp": 1619455758.1195693, "timestamps": [1619455758.1766086, 1619455758.2257576, 1619455758.2907386, 1619455758.4118614, 1619455758.4562001, 1619455758.5187957, 1619455758.5605378, 1619455758.605085], "episode_lengths": [110, 100, 125, 202, 89, 124, 90, 88], "episode_rewards": [-84.8049885668662, -231.9294600089285, -254.10377122476882, -244.17942808572582, -338.179838909222, -312.4467463080956, -115.90852732338291, -452.9724290178934], "episode_types": ["t", "t", "t", "t", "t", "t", "t", "t", "t"]}