{"initial_reset_timestamp": 1619453716.414869, "timestamps": [1619453716.4519053, 1619453716.5716145, 1619453716.6525283, 1619453716.7015972, 1619453716.8025439, 1619453716.8537152, 1619453716.9251432, 1619453716.9783976], "episode_lengths": [75, 191, 142, 91, 162, 95, 127, 101], "episode_rewards": [-321.5759624120568, -71.12704068745188, -424.47960400002495, -344.9021218793845, -310.5952173277018, -417.3051890322879, -218.76471984842922, -287.8996244331555], "episode_types": ["t", "t", "t", "t", "t", "t", "t", "t", "t"]}