{"initial_reset_timestamp": 1619454198.9242704, "timestamps": [1619454198.9632561, 1619454199.027865, 1619454199.0902956, 1619454199.1522574, 1619454199.192684, 1619454199.2384999, 1619454199.335472, 1619454199.388579], "episode_lengths": [84, 129, 123, 120, 81, 98, 181, 112], "episode_rewards": [-259.1189817401181, -222.14660628225766, -287.5738547184318, 87.80588446709045, -109.02676682952145, -381.54995954861255, -383.7931157165381, -191.4207407150601], "episode_types": ["t", "t", "t", "t", "t", "t", "t", "t", "t"]}