{"initial_reset_timestamp": 1619453931.1925693, "timestamps": [1619453931.2268896, 1619453931.2668395, 1619453931.332829, 1619453931.3853443, 1619453931.4521585, 1619453931.5095584, 1619453931.5555363, 1619453931.5935054, 1619453931.6848047], "episode_lengths": [74, 79, 117, 104, 123, 112, 89, 78, 161], "episode_rewards": [-167.7331611417938, -108.2803452983103, -407.54377850759175, -399.0166544462556, -339.4883579607921, -199.0482396075966, -321.30892610323764, -277.7999006043936, -131.81921131974076], "episode_types": ["t", "t", "t", "t", "t", "t", "t", "t", "t", "t"]}