{"initial_reset_timestamp": 1619453623.3089423, "timestamps": [1619453623.3440585, 1619453623.47312, 1619453623.543045, 1619453623.5853438, 1619453623.675549, 1619453623.7182138, 1619453623.7808, 1619453623.8251228], "episode_lengths": [79, 206, 124, 87, 161, 86, 121, 85], "episode_rewards": [-177.05173986340372, -374.9734206481409, -94.97327071139335, -147.96725496756994, -238.82294574541424, -299.5379215594014, -256.9948436225162, -206.80787044188435], "episode_types": ["t", "t", "t", "t", "t", "t", "t", "t", "t"]}