{"initial_reset_timestamp": 1619454363.7318046, "timestamps": [1619454363.7657185, 1619454363.8414154, 1619454363.93008, 1619454363.9776926, 1619454364.021541, 1619454364.066223, 1619454364.126845, 1619454364.1661115, 1619454364.2202635], "episode_lengths": [75, 144, 164, 97, 88, 95, 122, 80, 109], "episode_rewards": [-260.2875495585539, -166.56647595912744, -304.59508005734165, -385.05031787913424, -227.97013831245397, -544.1957394919477, -334.73588435297177, -101.7610049479212, -425.62083609415816], "episode_types": ["t", "t", "t", "t", "t", "t", "t", "t", "t", "t"]}