{"initial_reset_timestamp": 1619466529.0087967, "timestamps": [1619466529.046224, 1619466529.1143243, 1619466529.1532562, 1619466529.2031732, 1619466529.2838013, 1619466529.3222826, 1619466529.3692842, 1619466529.4056258, 1619466529.4732215, 1619466529.5629585, 1619466529.7213295], "episode_lengths": [80, 139, 84, 105, 151, 84, 95, 81, 135, 73, 84], "episode_rewards": [-376.1132821770519, -636.321231591429, -441.30291726057885, -337.6677461406202, -279.8068645461012, -452.53975509849175, 127.36082524467031, -369.2466051299929, -177.3775150493689, -293.700182257528, -519.1285012765568], "episode_types": ["t", "t", "t", "t", "t", "t", "t", "t", "t", "t", "t", "t"]}