{"initial_reset_timestamp": 1619455623.730809, "timestamps": [1619455623.7721744, 1619455623.819631, 1619455623.8748536, 1619455623.924602, 1619455624.0105474, 1619455624.0581083, 1619455624.1373, 1619455624.194885, 1619455624.2474682], "episode_lengths": [86, 95, 111, 98, 157, 94, 145, 104, 105], "episode_rewards": [-185.00381218827908, -239.38773956063204, -324.1743582923239, -251.02475198745532, -146.5438067638026, -394.5480811223435, -362.31796525400625, -222.53181796710118, -194.45010306516156], "episode_types": ["t", "t", "t", "t", "t", "t", "t", "t", "t", "t"]}