{"initial_reset_timestamp": 1619466595.2635856, "timestamps": [1619466595.3083575, 1619466595.390941, 1619466595.4450395, 1619466595.5274785, 1619466595.566499, 1619466595.6156347, 1619466595.6612053, 1619466595.7165449, 1619466595.9386303], "episode_lengths": [90, 156, 103, 155, 82, 99, 95, 112, 189], "episode_rewards": [-382.6324973466093, -220.15695068653866, -427.13909831778903, -116.50519963121216, -299.95712321258463, -64.95216898258934, -416.1175123958584, -315.14893890172823, -292.90880204826817], "episode_types": ["t", "t", "t", "t", "t", "t", "t", "t", "t", "t"]}