{"initial_reset_timestamp": 1619512925.7004306, "timestamps": [1619512925.7468495, 1619512925.7891855, 1619512925.829008, 1619512925.887441, 1619512925.9520333, 1619512925.986314, 1619512926.0393188, 1619512926.1131144, 1619512926.164274, 1619512926.415819, 1619512926.6059916, 1619512927.0010233, 1619512927.1696079, 1619512927.4664164], "episode_lengths": [94, 83, 80, 117, 127, 75, 105, 145, 108, 158, 92, 181, 83, 141], "episode_rewards": [-256.4486327807137, -386.3014941948981, -271.7469498930943, -179.52138111345533, 75.76576870143123, -173.7510328278903, -449.7231661556816, -228.1046478386414, -412.29819044568575, -776.1297327285431, -292.3609252855214, -304.203243539655, -437.5160293700513, -118.66183415739086], "episode_types": ["t", "t", "t", "t", "t", "t", "t", "t", "t", "t", "t", "t", "t", "t", "t"]}