{"initial_reset_timestamp": 1619453595.4545035, "timestamps": [1619453595.4891584, 1619453595.573803, 1619453595.6336653, 1619453595.6843817, 1619453595.7389598, 1619453595.828708, 1619453595.902799, 1619453595.9524612], "episode_lengths": [73, 145, 114, 104, 102, 150, 133, 97], "episode_rewards": [-208.4551328572078, -203.83049817101568, -468.78205154076477, -353.3723586964011, -167.63491899849743, -246.7613805685491, -341.05646275784295, -345.55247828435506], "episode_types": ["t", "t", "t", "t", "t", "t", "t", "t", "t"]}