{"initial_reset_timestamp": 1619453937.6628225, "timestamps": [1619453937.70273, 1619453937.8451178, 1619453937.8984761, 1619453937.9372458, 1619453937.983224, 1619453938.0599144, 1619453938.115637, 1619453938.1934373], "episode_lengths": [80, 230, 105, 77, 93, 142, 108, 141], "episode_rewards": [-266.9968416536879, -458.94129713902817, -448.30003490275385, -199.32833174164216, -394.394747811769, -384.05615937064925, -431.52663186933444, -209.93373366754503], "episode_types": ["t", "t", "t", "t", "t", "t", "t", "t", "t"]}