{"initial_reset_timestamp": 1619465398.8635085, "timestamps": [1619465398.9146373, 1619465398.9674287, 1619465399.0069363, 1619465399.1103685, 1619465399.1641278, 1619465399.3075807, 1619465399.3425634], "episode_lengths": [86, 108, 82, 181, 104, 228, 76], "episode_rewards": [-162.09017819157037, -182.64698860378334, -165.1639949661332, -327.09803462507125, -136.16366638863948, 87.85773002258115, -207.89390245432463], "episode_types": ["t", "t", "t", "t", "t", "t", "t", "t"]}